CREATE DATABASE IF NOT EXISTS SkyZeroDB;
USE SkyZeroDB;

CREATE TABLE IF NOT EXISTS User (
	userID INT NOT NULL AUTO_INCREMENT PRIMARY KEY,
    firstName VARCHAR(50) NOT NULL,
    username VARCHAR(50) NOT NULL UNIQUE,
    email VARCHAR(100) NOT NULL UNIQUE,
    avatarFilename VARCHAR(250),
    encrypted_password VARCHAR(100) NOT NULL,
    tips JSON
);

CREATE TABLE IF NOT EXISTS QuestionnaireResponse (
    responseID INT NOT NULL PRIMARY KEY AUTO_INCREMENT,
    userID INT NOT NULL,
    dateSubmitted DATETIME NOT NULL DEFAULT CURRENT_TIMESTAMP, 
    transportMethod INT NOT NULL,   
    travelDistance INT NOT NULL,    
    officeDays INT NOT NULL,        
    dietDays INT NOT NULL,     
    meats INT NOT NULL,      
    heatingHours INT NOT NULL,
    turnOffDevices INT NOT NULL,
    recycle INT NOT NULL,
    reusable INT NOT NULL,
    foodWaste INT NOT NULL,
    FOREIGN KEY(userID) REFERENCES User(userID)
);


CREATE TABLE IF NOT EXISTS Week (
	weekID INT NOT NULL PRIMARY KEY,
    week_start DATE NOT NULL,
    week_end DATE NOT NULL
);


CREATE TABLE IF NOT EXISTS Month (
	monthID INT NOT NULL PRIMARY KEY,
    month_start DATE NOT NULL,
    month_end DATE NOT NULL
);


CREATE TABLE IF NOT EXISTS ActivityKey (
	activityID INT NOT NULL PRIMARY KEY,
    activity_name VARCHAR(50) NOT NULL,
    value_points INT NOT NULL
);

CREATE TABLE IF NOT EXISTS UserActivity (
	userID INT NOT NULL,
    activityID INT NOT NULL,
    FOREIGN KEY (userID) REFERENCES User(userID), 
    FOREIGN KEY (activityID) REFERENCES ActivityKey(activityID),
    PRIMARY KEY (userID, activityID)
);

CREATE TABLE IF NOT EXISTS EcoCounter (
    ecoID INT AUTO_INCREMENT PRIMARY KEY,
    userID INT NOT NULL,
    weekID INT NOT NULL,
    monthID INT NOT NULL,
    activityID INT NOT NULL,
    positive_activity BOOL NOT NULL,
    date_done DATE NOT NULL DEFAULT (CURRENT_DATE),
    FOREIGN KEY (userID) REFERENCES User(userID), 
    FOREIGN KEY (weekID) REFERENCES Week(weekID), 
    FOREIGN KEY (monthID) REFERENCES Month(monthID), 
    FOREIGN KEY (activityID) REFERENCES ActivityKey(activityID)
);

INSERT IGNORE INTO User (firstName, username, email, avatarFilename, encrypted_password)
VALUES
('Taran', 'taran123', 'taran@sky.uk', 'redpanda.jpeg', '1d707811988069ca760826861d6d63a10e8c3b7f171c4441a6472ea58c11711b'),
('Leo', 'Leonardo', 'leo@sky.uk', 'leo.jpg', '1d707811988069ca760826861d6d63a10e8c3b7f171c4441a6472ea58c11711b'),
('Harry', 'harry987', 'harry@sky.uk', 'kayode.jpeg', '1d707811988069ca760826861d6d63a10e8c3b7f171c4441a6472ea58c11711b'),
('Adnan', 'adnan456', 'adnan@sky.uk', 'homer.jpg', '1d707811988069ca760826861d6d63a10e8c3b7f171c4441a6472ea58c11711b'),
('Zubin', 'zubin789', 'zubin@sky.uk', 'elf.jpeg', '1d707811988069ca760826861d6d63a10e8c3b7f171c4441a6472ea58c11711b'),
('Ben', 'ben321', 'ben@sky.uk', 'madara.jpeg', '1d707811988069ca760826861d6d63a10e8c3b7f171c4441a6472ea58c11711b'),
('Alice', 'alice01', 'alice@sky.uk', 'taylor.jpeg', '1d707811988069ca760826861d6d63a10e8c3b7f171c4441a6472ea58c11711b'),
('Boo', 'boo654', 'boo@sky.uk', 'boo.jpg', '1d707811988069ca760826861d6d63a10e8c3b7f171c4441a6472ea58c11711b'),
('Elle', 'ElleWoods', 'elle@sky.uk', 'legallyblonde.jpeg', '1d707811988069ca760826861d6d63a10e8c3b7f171c4441a6472ea58c11711b'),
('Frank', 'franktheman', 'frank@sky.uk', 'aurafarm.jpg', '1d707811988069ca760826861d6d63a10e8c3b7f171c4441a6472ea58c11711b'),
('Iris', 'Iris', 'iris@sky.uk', 'iris.jpg', '1d707811988069ca760826861d6d63a10e8c3b7f171c4441a6472ea58c11711b'),
('Hannah', 'hannah', 'hannah@sky.uk', 'golden.jpg', '1d707811988069ca760826861d6d63a10e8c3b7f171c4441a6472ea58c11711b'),
('Gary', 'gary2', 'gary@sky.uk', 'gary.jpg', '1d707811988069ca760826861d6d63a10e8c3b7f171c4441a6472ea58c11711b'),
('Jon', 'Snowman', 'jon@sky.uk', 'jon.jpg', '1d707811988069ca760826861d6d63a10e8c3b7f171c4441a6472ea58c11711b'),
('Kevin', 'whereskevin', 'kevin@sky.uk', 'minion.jpg', '1d707811988069ca760826861d6d63a10e8c3b7f171c4441a6472ea58c11711b');

INSERT IGNORE INTO QuestionnaireResponse 
(userID, transportMethod, travelDistance, officeDays, dietDays, meats, heatingHours, turnOffDevices, recycle, reusable, foodWaste) 
VALUES
(1, 2, 4, 3, 3, 0, 7, 3, 3, 3, 2),
(2, 0, 0, 0, 4, 3, 5, 2, 1, 0, 0),
(3, 1, 2, 1, 1, 5, 7, 3, 3, 2, 1),
(4, 4, 1, 7, 5, 4, 9, 3, 3, 3, 2),
(5, 2, 2, 3, 7, 1, 4, 3, 3, 3, 2),
(6, 0, 0, 0, 6, 2, 6, 3, 3, 2, 1),
(7, 3, 5, 2, 5, 3, 9, 3, 3, 3, 2),
(8, 4, 0, 0, 3, 2, 10, 3, 3, 3, 2),
(9, 2, 4, 3, 1, 0, 7, 3, 3, 3, 2),
(10, 2, 1, 6, 6, 4, 8, 3, 3, 3, 2),
(11, 3, 3, 4, 2, 5, 6, 3, 3, 3, 1),
(12, 0, 0, 0, 1, 3, 3, 2, 1, 0, 0),
(13, 1, 5, 5, 5, 4, 11, 3, 3, 3, 2),
(14, 2, 4, 7, 7, 2, 9, 3, 3, 3, 2),
(15, 4, 2, 2, 3, 1, 4, 3, 3, 3, 2);

INSERT IGNORE INTO Week (weekID, week_start, week_end) VALUES
(1, '2025-01-06', '2025-01-12'),
(2, '2025-01-13', '2025-01-19'),
(3, '2025-01-20', '2025-01-26'),
(4, '2025-01-27', '2025-02-02'),
(5, '2025-02-03', '2025-02-09'),
(6, '2025-02-10', '2025-02-16'),
(7, '2025-02-17', '2025-02-23'),
(8, '2025-02-24', '2025-03-02'),
(9, '2025-03-03', '2025-03-09'),
(10, '2025-03-10', '2025-03-16'),
(11, '2025-03-17', '2025-03-23'),
(12, '2025-03-24', '2025-03-30'),
(13, '2025-03-31', '2025-04-06'),
(14, '2025-04-07', '2025-04-13'),
(15, '2025-04-14', '2025-04-20'),
(16, '2025-04-21', '2025-04-27'),
(17, '2025-04-28', '2025-05-04'),
(18, '2025-05-05', '2025-05-11'),
(19, '2025-05-12', '2025-05-18'),
(20, '2025-05-19', '2025-05-25'),
(21, '2025-05-26', '2025-06-01'),
(22, '2025-06-02', '2025-06-08'),
(23, '2025-06-09', '2025-06-15'),
(24, '2025-06-16', '2025-06-22'),
(25, '2025-06-23', '2025-06-29'),
(26, '2025-06-30', '2025-07-06'),
(27, '2025-07-07', '2025-07-13'),
(28, '2025-07-14', '2025-07-20'),
(29, '2025-07-21', '2025-07-27'),
(30, '2025-07-28', '2025-08-03'),
(31, '2025-08-04', '2025-08-10'),
(32, '2025-08-11', '2025-08-17'),
(33, '2025-08-18', '2025-08-24'),
(34, '2025-08-25', '2025-08-31'),
(35, '2025-09-01', '2025-09-07'),
(36, '2025-09-08', '2025-09-14'),
(37, '2025-09-15', '2025-09-21'),
(38, '2025-09-22', '2025-09-28'),
(39, '2025-09-29', '2025-10-05'),
(40, '2025-10-06', '2025-10-12'),
(41, '2025-10-13', '2025-10-19'),
(42, '2025-10-20', '2025-10-26'),
(43, '2025-10-27', '2025-11-02'),
(44, '2025-11-03', '2025-11-09'),
(45, '2025-11-10', '2025-11-16'),
(46, '2025-11-17', '2025-11-23'),
(47, '2025-11-24', '2025-11-30'),
(48, '2025-12-01', '2025-12-07'),
(49, '2025-12-08', '2025-12-14'),
(50, '2025-12-15', '2025-12-21'),
(51, '2025-12-22', '2025-12-28'),
(52, '2025-12-29', '2026-01-04');


INSERT IGNORE INTO Month (monthID, month_start, month_end) VALUES
(1, '2025-01-01', '2025-01-31'),
(2, '2025-02-01', '2025-02-28'),
(3, '2025-03-01', '2025-03-31'),
(4, '2025-04-01', '2025-04-30'),
(5, '2025-05-01', '2025-05-31'),
(6, '2025-06-01', '2025-06-30'),
(7, '2025-07-01', '2025-07-31'),
(8, '2025-08-01', '2025-08-31'),
(9, '2025-09-01', '2025-09-30'),
(10, '2025-10-01', '2025-10-31'),
(11, '2025-11-01', '2025-11-30'),
(12, '2025-12-01', '2025-12-31');

/* Activities Points Breakdown

Assumptions:
- Avg commute distance: 20 km https://mobilityways.com/cost-of-living-and-commuter-trends/
- Avoiding meat uses an avg of all the meat options from the questionnaire
  10.0, 8.0, 2.0, 1.6, 2.4, 1.4 = 25.4 / 6 = ~4.23 kg CO2 saved per day
- Avg hours of heating saved per day when turning off heating: 5hrs https://heatable.co.uk/boiler-advice/how-many-hours-a-day-should-heating-be-on

Bike to work: 0.25 kg/km * 20 km = 5 kg/day -> 10 points     
Day without Heating On: 2 kg/hr * 5 hrs = 10 kg/day -> 20 points
Lower heating by 1°C: 1 kg/day -> 2 point        
Walk to work: 0.25 kg/km * 20 km = 5 kg/day -> 10 points
Public transport: (0.25 - 0.05) * 32 km = 6.4 kg/day -> 13 points
Extra WFH day: 0.25 kg/km * 32 km = 8 kg/day -> 16 points
Carpool w 1 other: 0.25 * 32 km * 0.5 = 4 kg/day -> 8 points
Avoid meat: 4.23 kg/day -> 8 points
Take stairs instead of elevator: 0.2 kg/day -> 1 point
Reusable water bottle: 0.05 kg/day -> 1 point
Air dry over tumble dry: 0.5 kg/day -> 1 point
Reusable shopping bags: 0.02 kg/day -> 1 point
Donate items: 0.2 kg/day -> 1 point
Recycle plastic, can or glass: 0.05 kg/day -> 1 point
Buy second-hand item: 0.8 kg/day -> 2 points

*/

INSERT IGNORE INTO ActivityKey (activityID, activity_name, value_points) VALUES
(1, 'Bike to work', 10),
(2, 'Day without Heating On', 20),
(3, 'Walk to work', 10),
(4, 'Public transport', 13),
(5, 'Extra WFH day', 16),
(6, 'Carpool w 1 other', 8),
(7, 'Avoid meat', 8),
(8, 'Take stairs instead of elevator', 1),
(9, 'Reusable water bottle', 1),
(10, 'Air dry over tumble dry', 1),
(11, 'Reusable shopping bags', 1),
(12, 'Donate items', 1),
(13, 'Recycle plastic, can or glass', 1),
(14, 'Buy second-hand item', 2),
(15, 'Lower heating by 1C', 2);

INSERT IGNORE INTO EcoCounter (userID, weekID, monthID, activityID, positive_activity, date_done) VALUES
(1, 41, 10, 5, TRUE, '2025-10-14'),
(1, 42, 10, 12, TRUE, '2025-10-22'),
(2, 41, 10, 3, TRUE, '2025-10-16'),
(2, 42, 10, 8, TRUE, '2025-10-23'),
(2, 42, 10, 15, TRUE, '2025-10-25'),
(3, 41, 10, 11, TRUE, '2025-10-18'),
(3, 42, 10, 6, TRUE, '2025-10-24'),
(4, 41, 10, 4, TRUE, '2025-10-17'),
(4, 42, 10, 13, TRUE, '2025-10-21'),
(5, 41, 10, 7, TRUE, '2025-10-13'),
(5, 42, 10, 9, TRUE, '2025-10-26'),
(5, 41, 10, 2, TRUE, '2025-10-19'),
(6, 42, 10, 18, TRUE, '2025-10-25'),
(6, 41, 10, 10, TRUE, '2025-10-15'),
(7, 41, 10, 1, TRUE, '2025-10-16'),
(7, 42, 10, 14, TRUE, '2025-10-20'),
(8, 42, 10, 16, TRUE, '2025-10-24'),
(8, 41, 10, 19, TRUE, '2025-10-17'),
(10, 42, 10, 11, TRUE, '2025-10-26'),
(10, 41, 10, 13, TRUE, '2025-10-18'),
(11, 42, 10, 4, TRUE, '2025-10-25'),
(11, 42, 10, 9, TRUE, '2025-10-23'),
(12, 41, 10, 12, TRUE, '2025-10-14'),
(12, 42, 10, 6, TRUE, '2025-10-22'),
(12, 42, 10, 18, TRUE, '2025-10-26'),
(13, 41, 10, 10, TRUE, '2025-10-13'),
(13, 41, 10, 15, TRUE, '2025-10-19'),
(14, 42, 10, 1, TRUE, '2025-10-25'),
(14, 42, 10, 7, TRUE, '2025-10-21'),
(14, 41, 10, 3, TRUE, '2025-10-18'),
(15, 41, 10, 19, TRUE, '2025-10-15'),
(15, 42, 10, 2, TRUE, '2025-10-24');

INSERT IGNORE INTO EcoCounter (userID, weekID, monthID, activityID, positive_activity, date_done) VALUES
(1, 1, 1, 3, TRUE, '2025-01-08'),
(1, 2, 1, 7, TRUE, '2025-01-17'),
(1, 3, 1, 12, TRUE, '2025-01-22'),
(1, 4, 1, 13, TRUE, '2025-01-29'),
(1, 5, 2, 5, TRUE, '2025-02-07'),
(1, 6, 2, 8, TRUE, '2025-02-15'),
(1, 7, 2, 15, TRUE, '2025-02-21'),
(1, 8, 2, 10, TRUE, '2025-02-27'),
(1, 9, 3, 4, TRUE, '2025-03-05'),
(1, 10, 3, 15, TRUE, '2025-03-13'),
(1, 11, 3, 11, TRUE, '2025-03-21'),
(1, 12, 3, 1, TRUE, '2025-03-27'),
(1, 13, 4, 9, TRUE, '2025-04-04'),
(1, 14, 4, 6, TRUE, '2025-04-09'),
(1, 15, 4, 11, TRUE, '2025-04-18'),
(1, 16, 4, 2, TRUE, '2025-04-25'),
(1, 17, 5, 13, TRUE, '2025-04-29'),
(1, 18, 5, 7, TRUE, '2025-05-09'),
(1, 19, 5, 14, TRUE, '2025-05-13'),
(1, 20, 5, 3, TRUE, '2025-05-23'),
(1, 21, 6, 10, TRUE, '2025-05-30'),
(1, 22, 6, 4, TRUE, '2025-06-06'),
(1, 23, 6, 8, TRUE, '2025-06-13'),
(1, 24, 6, 12, TRUE, '2025-06-20'),
(1, 25, 7, 13, TRUE, '2025-06-27'),
(1, 26, 7, 12, TRUE, '2025-07-02'),
(1, 27, 7, 1, TRUE, '2025-07-10'),
(1, 28, 7, 5, TRUE, '2025-07-18'),
(1, 29, 8, 2, TRUE, '2025-07-22'),
(1, 30, 8, 6, TRUE, '2025-08-02'),
(1, 31, 8, 11, TRUE, '2025-08-05'),
(1, 32, 8, 15, TRUE, '2025-08-12'),
(1, 33, 9, 11, TRUE, '2025-08-20'),
(1, 34, 9, 15, TRUE, '2025-08-28'),
(1, 35, 9, 13, TRUE, '2025-09-04'),
(1, 36, 9, 9, TRUE, '2025-09-13'),
(1, 37, 10, 7, TRUE, '2025-09-18'),
(1, 38, 10, 14, TRUE, '2025-09-25'),
(1, 39, 10, 6, TRUE, '2025-10-03'),
(1, 40, 10, 5, TRUE, '2025-10-09'),
(1, 41, 10, 3, TRUE, '2025-10-16'),
(1, 42, 10, 1, TRUE, '2025-10-25'),
(1, 43, 10, 5, TRUE, '2025-10-2'),
(1, 43, 10, 5, TRUE, '2025-10-28'),
(1, 43, 10, 5, TRUE, '2025-10-28'),
(2, 43, 10, 3, TRUE, '2025-10-28'),
(1, 43, 10, 5, TRUE, '2025-10-29'),
(1, 43, 10, 5, TRUE, '2025-10-29'),
(1, 43, 10, 5, TRUE, '2025-10-29'),
(1, 43, 10, 5, TRUE, '2025-10-29'),
(1, 43, 10, 5, TRUE, '2025-10-29'),
(1, 43, 10, 5, TRUE, '2025-10-29'),
(1, 43, 10, 5, TRUE, '2025-10-29'),
(1, 43, 10, 5, TRUE, '2025-10-29'),
(1, 43, 10, 5, TRUE, '2025-10-29'),
(1, 43, 10, 5, TRUE, '2025-10-29'),
(1, 43, 10, 5, TRUE, '2025-10-29'),
(1, 43, 10, 5, TRUE, '2025-10-29'),
(1, 43, 10, 5, TRUE, '2025-10-29'),
(1, 43, 10, 5, TRUE, '2025-10-29'),
(1, 44, 11, 5, TRUE, '2025-11-03'),
(1, 44, 11, 12, TRUE, '2025-11-03'),
(1, 44, 11, 9, TRUE, '2025-11-05'),
(1, 44, 11, 14, TRUE, '2025-11-06'),
(1, 44, 11, 4, TRUE, '2025-11-07'),
(1, 44, 11, 13, TRUE, '2025-11-09'),
(1, 44, 11, 13, TRUE, '2025-11-09'),
(1, 45, 11, 9, TRUE, '2025-11-10'),
(1, 45, 11, 15, TRUE, '2025-11-10'),
(1, 45, 11, 3, TRUE, '2025-11-10');

INSERT INTO EcoCounter (userID, weekID, monthID, activityID, positive_activity, date_done) VALUES
(2, 1, 1, 13, TRUE, '2025-01-08'),
(2, 2, 1, 6, TRUE, '2025-01-17'),
(2, 3, 1, 10, TRUE, '2025-01-22'),
(2, 4, 1, 3, TRUE, '2025-01-29'),
(2, 5, 2, 15, TRUE, '2025-02-07'),
(2, 6, 2, 5, TRUE, '2025-02-15'),
(2, 7, 2, 5, TRUE, '2025-02-21'),
(2, 8, 2, 1, TRUE, '2025-02-27'),
(2, 9, 3, 3, TRUE, '2025-03-05'),
(2, 10, 3, 1, TRUE, '2025-03-13'),
(2, 11, 3, 1, TRUE, '2025-03-21'),
(2, 12, 3, 14, TRUE, '2025-03-27'),
(2, 13, 4, 8, TRUE, '2025-04-04'),
(2, 14, 4, 3, TRUE, '2025-04-09'),
(2, 15, 4, 1, TRUE, '2025-04-18'),
(2, 16, 4, 8, TRUE, '2025-04-25'),
(2, 17, 5, 3, TRUE, '2025-04-29'),
(2, 18, 5, 9, TRUE, '2025-05-09'),
(2, 19, 5, 4, TRUE, '2025-05-13'),
(2, 20, 5, 6, TRUE, '2025-05-23'),
(2, 21, 6, 7, TRUE, '2025-05-30'),
(2, 22, 6, 2, TRUE, '2025-06-06'),
(2, 23, 6, 8, TRUE, '2025-06-13'),
(2, 24, 6, 2, TRUE, '2025-06-20'),
(2, 25, 7, 3, TRUE, '2025-06-27'),
(2, 26, 7, 8, TRUE, '2025-07-02'),
(2, 27, 7, 15, TRUE, '2025-07-10'),
(2, 28, 7, 15, TRUE, '2025-07-18'),
(2, 29, 8, 12, TRUE, '2025-07-22'),
(2, 30, 8, 7, TRUE, '2025-08-02'),
(2, 31, 8, 1, TRUE, '2025-08-05'),
(2, 32, 8, 5, TRUE, '2025-08-12'),
(2, 33, 9, 1, TRUE, '2025-08-20'),
(2, 34, 9, 14, TRUE, '2025-08-28'),
(2, 35, 9, 12, TRUE, '2025-09-04'),
(2, 36, 9, 8, TRUE, '2025-09-13'),
(2, 37, 10, 5, TRUE, '2025-09-18'),
(2, 38, 10, 13, TRUE, '2025-09-25'),
(2, 39, 10, 7, TRUE, '2025-10-03'),
(2, 40, 10, 9, TRUE, '2025-10-09'),
(2, 41, 10, 2, TRUE, '2025-10-16'),
(2, 42, 10, 4, TRUE, '2025-10-25'),
(2, 43, 10, 7, TRUE, '2025-10-26'),
(2, 43, 10, 9, TRUE, '2025-10-27'),
(2, 43, 10, 10, TRUE, '2025-10-28'),
(2, 43, 10, 10, TRUE, '2025-10-28'),
(2, 43, 10, 1, TRUE, '2025-10-29'),
(2, 43, 10, 7, TRUE, '2025-10-26'),
(2, 43, 10, 8, TRUE, '2025-10-26'),
(2, 43, 10, 9, TRUE, '2025-10-27'),
(2, 43, 10, 2, TRUE, '2025-10-28'),
(2, 43, 10, 1, TRUE, '2025-10-28'),
(2, 43, 10, 1, TRUE, '2025-10-28'),
(2, 43, 10, 1, TRUE, '2025-10-28'),
(2, 43, 10, 1, TRUE, '2025-10-29'),
(2, 43, 10, 6, TRUE, '2025-10-29'),
(2, 43, 10, 8, TRUE, '2025-10-29'),
(2, 43, 10, 9, TRUE, '2025-10-29'),
(2, 43, 10, 13, TRUE, '2025-10-29'),
(2, 44, 11, 15, TRUE, '2025-11-03'),
(2, 44, 11, 12, TRUE, '2025-11-04'),
(2, 44, 11, 11, TRUE, '2025-11-05'),
(2, 44, 11, 14, TRUE, '2025-11-06'),
(2, 44, 11, 14, TRUE, '2025-11-06'),
(2, 44, 11, 3, TRUE, '2025-11-08'),
(2, 44, 11, 6, TRUE, '2025-11-08'),
(2, 45, 11, 13, TRUE, '2025-11-10'),
(2, 45, 11, 14, TRUE, '2025-11-10'),
(2, 45, 11, 9, TRUE, '2025-11-10');

INSERT INTO EcoCounter (userID, weekID, monthID, activityID, positive_activity, date_done)
VALUES 
(3, 1, 1, 13, TRUE, '2025-01-08'),
(3, 2, 1, 3, TRUE, '2025-01-11'),
(3, 3, 1, 9, TRUE, '2025-01-22'),
(3, 4, 1, 7, TRUE, '2025-01-29'),
(3, 4, 1, 2, TRUE, '2025-01-30'),
(3, 4, 1, 2, TRUE, '2025-01-30'),
(3, 4, 1, 2, TRUE, '2025-01-30'),
(3, 4, 1, 2, TRUE, '2025-01-30'),
(3, 4, 1, 2, TRUE, '2025-01-30'),
(3, 4, 1, 2, TRUE, '2025-01-30'),
(3, 4, 1, 2, TRUE, '2025-01-30'),
(3, 4, 1, 2, TRUE, '2025-01-30'),
(3, 4, 1, 2, TRUE, '2025-01-30'),
(3, 4, 1, 2, TRUE, '2025-01-30'),
(3, 4, 1, 2, TRUE, '2025-01-30'),
(3, 4, 1, 2, TRUE, '2025-01-30'),
(3, 4, 1, 2, TRUE, '2025-01-30'),
(3, 4, 1, 2, TRUE, '2025-01-30'),
(3, 4, 1, 2, TRUE, '2025-01-30'),
(3, 4, 1, 2, TRUE, '2025-01-30'),
(3, 4, 1, 2, TRUE, '2025-01-30'),
(3, 4, 1, 2, TRUE, '2025-01-30'),
(3, 4, 1, 2, TRUE, '2025-01-30'),
(3, 4, 1, 2, TRUE, '2025-01-30'),
(3, 5, 2, 8, TRUE, '2025-02-07'),
(3, 6, 2, 7, TRUE, '2025-02-15'),
(3, 7, 2, 6, TRUE, '2025-02-21'),
(3, 8, 2, 9, TRUE, '2025-02-27'),
(3, 9, 3, 9, TRUE, '2025-03-05'),
(3, 10, 3, 12, TRUE, '2025-03-13'),
(3, 11, 3, 11, TRUE, '2025-03-21'),
(3, 12, 3, 4, TRUE, '2025-03-27'),
(3, 13, 4, 7, TRUE, '2025-04-04'),
(3, 14, 4, 3, TRUE, '2025-04-09'),
(3, 15, 4, 9, TRUE, '2025-04-18'),
(3, 16, 4, 9, TRUE, '2025-04-25'),
(3, 17, 5, 13, TRUE, '2025-04-29'),
(3, 18, 5, 8, TRUE, '2025-05-09'),
(3, 19, 5, 3, TRUE, '2025-05-13'),
(3, 20, 5, 8, TRUE, '2025-05-23'),
(3, 21, 6, 7, TRUE, '2025-05-30'),
(3, 22, 6, 5, TRUE, '2025-06-06'),
(3, 23, 6, 3, TRUE, '2025-06-13'),
(3, 24, 6, 1, TRUE, '2025-06-20'),
(3, 25, 7, 8, TRUE, '2025-06-27'),
(3, 26, 7, 9, TRUE, '2025-07-02'),
(3, 27, 7, 7, TRUE, '2025-07-10'),
(3, 28, 7, 6, TRUE, '2025-07-18'),
(3, 29, 8, 2, TRUE, '2025-07-22'),
(3, 30, 8, 9, TRUE, '2025-08-02'),
(3, 31, 8, 10, TRUE, '2025-08-05'),
(3, 32, 8, 4, TRUE, '2025-08-12'),
(3, 33, 9, 10, TRUE, '2025-08-20'),
(3, 34, 9, 7, TRUE, '2025-08-28'),
(3, 35, 9, 2, TRUE, '2025-09-04'),
(3, 36, 9, 9, TRUE, '2025-09-13'),
(3, 37, 10, 5, TRUE, '2025-09-18'),
(3, 38, 10, 8, TRUE, '2025-09-25'),
(3, 39, 10, 8, TRUE, '2025-10-03'),
(3, 40, 10, 2, TRUE, '2025-10-09'),
(3, 41, 10, 4, TRUE, '2025-10-16'),
(3, 42, 10, 7, TRUE, '2025-10-25'),
(3, 43, 10, 9, TRUE, '2025-10-28'),
(3, 43, 10, 9, TRUE, '2025-10-29'),
(3, 43, 10, 3, TRUE, '2025-10-29'),
(3, 43, 10, 8, TRUE, '2025-10-29'),
(3, 43, 10, 7, TRUE, '2025-10-29'),
(3, 43, 10, 2, TRUE, '2025-10-29'),
(3, 44, 11, 4, TRUE, '2025-11-03'),
(3, 44, 11, 7, TRUE, '2025-11-05'),
(3, 44, 11, 10, TRUE, '2025-11-05'),
(3, 44, 11, 13, TRUE, '2025-11-05'),
(3, 44, 11, 4, TRUE, '2025-11-06'),
(3, 44, 11, 5, TRUE, '2025-11-06'),
(3, 44, 11, 8, TRUE, '2025-11-07'),
(3, 45, 11, 13, TRUE, '2025-11-10');

INSERT INTO EcoCounter (userID, weekID, monthID, activityID, positive_activity, date_done)
VALUES 
(4, 1, 1, 12, TRUE, '2025-01-08'),
(4, 2, 1, 8, TRUE, '2025-01-11'),
(4, 3, 1, 9, TRUE, '2025-01-22'),
(4, 4, 1, 6, TRUE, '2025-01-29'),
(4, 5, 2, 3, TRUE, '2025-02-07'),
(4, 6, 2, 4, TRUE, '2025-02-15'),
(4, 7, 2, 6, TRUE, '2025-02-21'),
(4, 8, 2, 6, TRUE, '2025-02-27'),
(4, 9, 3, 11, TRUE, '2025-03-05'),
(4, 10, 3, 13, TRUE, '2025-03-13'),
(4, 11, 3, 8, TRUE, '2025-03-21'),
(4, 12, 3, 5, TRUE, '2025-03-27'),
(4, 13, 4, 7, TRUE, '2025-04-04'),
(4, 14, 4, 2, TRUE, '2025-04-09'),
(4, 14, 4, 2, TRUE, '2025-04-09'),
(4, 14, 4, 2, TRUE, '2025-04-09'),
(4, 14, 4, 2, TRUE, '2025-04-09'),
(4, 14, 4, 2, TRUE, '2025-04-09'),
(4, 14, 4, 2, TRUE, '2025-04-09'),
(4, 15, 4, 2, TRUE, '2025-04-18'),
(4, 15, 4, 2, TRUE, '2025-04-18'),
(4, 15, 4, 2, TRUE, '2025-04-18'),
(4, 15, 4, 2, TRUE, '2025-04-18'),
(4, 15, 4, 2, TRUE, '2025-04-18'),
(4, 15, 4, 2, TRUE, '2025-04-18'),
(4, 16, 4, 2, TRUE, '2025-04-25'),
(4, 16, 4, 2, TRUE, '2025-04-25'),
(4, 16, 4, 2, TRUE, '2025-04-25'),
(4, 16, 4, 2, TRUE, '2025-04-25'),
(4, 16, 4, 2, TRUE, '2025-04-25'),
(4, 16, 4, 2, TRUE, '2025-04-25'),
(4, 16, 4, 2, TRUE, '2025-04-25'),
(4, 16, 4, 2, TRUE, '2025-04-25'),
(4, 16, 4, 2, TRUE, '2025-04-25'),
(4, 16, 4, 2, TRUE, '2025-04-25'),
(4, 17, 5, 2, TRUE, '2025-04-29'),
(4, 17, 5, 2, TRUE, '2025-04-29'),
(4, 17, 5, 2, TRUE, '2025-04-29'),
(4, 17, 5, 2, TRUE, '2025-04-29'),
(4, 17, 5, 2, TRUE, '2025-04-29'),
(4, 17, 5, 2, TRUE, '2025-04-29'),
(4, 17, 5, 2, TRUE, '2025-04-29'),
(4, 17, 5, 2, TRUE, '2025-04-29'),
(4, 17, 5, 2, TRUE, '2025-04-29'),
(4, 17, 5, 2, TRUE, '2025-04-29'),
(4, 17, 5, 2, TRUE, '2025-04-29'),
(4, 18, 5, 10, TRUE, '2025-05-09'),
(4, 19, 5, 9, TRUE, '2025-05-13'),
(4, 20, 5, 4, TRUE, '2025-05-23'),
(4, 21, 6, 3, TRUE, '2025-05-30'),
(4, 22, 6, 7, TRUE, '2025-06-06'),
(4, 23, 6, 8, TRUE, '2025-06-13'),
(4, 24, 6, 3, TRUE, '2025-06-20'),
(4, 25, 7, 6, TRUE, '2025-06-27'),
(4, 26, 7, 2, TRUE, '2025-07-02'),
(4, 27, 7, 7, TRUE, '2025-07-10'),
(4, 28, 7, 8, TRUE, '2025-07-18'),
(4, 29, 8, 9, TRUE, '2025-07-22'),
(4, 30, 8, 7, TRUE, '2025-08-02'),
(4, 31, 8, 4, TRUE, '2025-08-05'),
(4, 32, 8, 2, TRUE, '2025-08-12'),
(4, 33, 9, 9, TRUE, '2025-08-20'),
(4, 34, 9, 7, TRUE, '2025-08-28'),
(4, 35, 9, 8, TRUE, '2025-09-04'),
(4, 36, 9, 10, TRUE, '2025-09-13'),
(4, 37, 10, 11, TRUE, '2025-09-18'),
(4, 38, 10, 11, TRUE, '2025-09-25'),
(4, 39, 10, 15, TRUE, '2025-10-03'),
(4, 40, 10, 12, TRUE, '2025-10-09'),
(4, 41, 10, 12, TRUE, '2025-10-16'),
(4, 42, 10, 7, TRUE, '2025-10-25'),
(4, 43, 10, 9, TRUE, '2025-10-28'),
(4, 43, 10, 2, TRUE, '2025-10-29'),
(4, 44, 11, 7, TRUE, '2025-11-03'),
(4, 44, 11, 1, TRUE, '2025-11-05'),
(4, 44, 11, 3, TRUE, '2025-11-05'),
(4, 44, 11, 9, TRUE, '2025-11-06'),
(4, 44, 11, 10, TRUE, '2025-11-07'),
(4, 45, 11, 13, TRUE, '2025-11-10'),
(4, 45, 11, 12, TRUE, '2025-11-10'),
(4, 45, 11, 8, TRUE, '2025-11-10');

INSERT INTO EcoCounter (userID, weekID, monthID, activityID, positive_activity, date_done)
VALUES 
(5, 1, 1, 13, TRUE, '2025-01-07'),
(5, 2, 1, 3, TRUE, '2025-01-16'),
(5, 3, 1, 4, TRUE, '2025-01-21'),
(5, 4, 1, 7, TRUE, '2025-01-28'),
(5, 5, 2, 2, TRUE, '2025-02-06'),
(5, 6, 2, 7, TRUE, '2025-02-14'),
(5, 7, 2, 9, TRUE, '2025-02-20'),
(5, 8, 2, 8, TRUE, '2025-02-26'),
(5, 9, 3, 7, TRUE, '2025-03-05'),
(5, 10, 3, 12, TRUE, '2025-03-13'),
(5, 11, 3, 11, TRUE, '2025-03-21'),
(5, 12, 3, 6, TRUE, '2025-03-27'),
(5, 13, 4, 6, TRUE, '2025-04-04'),
(5, 14, 4, 3, TRUE, '2025-04-09'),
(5, 15, 4, 9, TRUE, '2025-04-18'),
(5, 16, 4, 9, TRUE, '2025-04-25'),
(5, 17, 5, 13, TRUE, '2025-04-29'),
(5, 18, 5, 8, TRUE, '2025-05-09'),
(5, 19, 5, 3, TRUE, '2025-05-13'),
(5, 20, 5, 11, TRUE, '2025-05-23'),
(5, 21, 6, 10, TRUE, '2025-05-30'),
(5, 22, 6, 10, TRUE, '2025-06-06'),
(5, 23, 6, 10, TRUE, '2025-06-13'),
(5, 24, 6, 9, TRUE, '2025-06-20'),
(5, 25, 7, 8, TRUE, '2025-06-27'),
(5, 26, 7, 7, TRUE, '2025-07-02'),
(5, 27, 7, 3, TRUE, '2025-07-10'),
(5, 28, 7, 5, TRUE, '2025-07-18'),
(5, 29, 8, 13, TRUE, '2025-07-22'),
(5, 30, 8, 12, TRUE, '2025-08-02'),
(5, 31, 8, 10, TRUE, '2025-08-05'),
(5, 32, 8, 11, TRUE, '2025-08-12'),
(5, 33, 9, 10, TRUE, '2025-08-20'),
(5, 34, 9, 10, TRUE, '2025-08-28'),
(5, 35, 9, 1, TRUE, '2025-09-04'),
(5, 36, 9, 2, TRUE, '2025-09-13'),
(5, 37, 10, 3, TRUE, '2025-09-18'),
(5, 38, 10, 4, TRUE, '2025-09-25'),
(5, 39, 10, 5, TRUE, '2025-10-03'),
(5, 40, 10, 6, TRUE, '2025-10-09'),
(5, 41, 10, 7, TRUE, '2025-10-16'),
(5, 42, 10, 9, TRUE, '2025-10-25'),
(5, 43, 10, 8, TRUE, '2025-10-28'),
(5, 43, 10, 7, TRUE, '2025-10-29'),
(5, 43, 10, 6, TRUE, '2025-10-29'),
(5, 43, 10, 5, TRUE, '2025-10-29'),
(5, 43, 10, 4, TRUE, '2025-10-29'),
(5, 43, 10, 12, TRUE, '2025-10-29'),
(5, 44, 11, 1, TRUE, '2025-11-03'),
(5, 44, 11, 11, TRUE, '2025-11-05'),
(5, 44, 11, 12, TRUE, '2025-11-05'),
(5, 44, 11, 11, TRUE, '2025-11-06'),
(5, 44, 11, 10, TRUE, '2025-11-07'),
(5, 44, 11, 9, TRUE, '2025-11-09'),
(5, 44, 11, 8, TRUE, '2025-11-09'),
(5, 44, 11, 7, TRUE, '2025-11-05'),
(5, 44, 11, 6, TRUE, '2025-11-05'),
(5, 44, 11, 5, TRUE, '2025-11-06'),
(5, 44, 11, 4, TRUE, '2025-11-07'),
(5, 45, 11, 13, TRUE, '2025-11-10');

INSERT INTO EcoCounter (userID, weekID, monthID, activityID, positive_activity, date_done)
VALUES 
(6, 1, 1, 1, TRUE, '2025-01-07'),
(6, 2, 1, 2, TRUE, '2025-01-16'),
(6, 3, 1, 3, TRUE, '2025-01-21'),
(6, 4, 1, 4, TRUE, '2025-01-28'),
(6, 5, 2, 5, TRUE, '2025-02-06'),
(6, 6, 2, 6, TRUE, '2025-02-14'),
(6, 7, 2, 7, TRUE, '2025-02-20'),
(6, 8, 2, 9, TRUE, '2025-02-26'),
(6, 9, 3, 8, TRUE, '2025-03-05'),
(6, 10, 3, 10, TRUE, '2025-03-13'),
(6, 11, 3, 11, TRUE, '2025-03-21'),
(6, 12, 3, 12, TRUE, '2025-03-27'),
(6, 13, 4, 13, TRUE, '2025-04-04'),
(6, 14, 4, 14, TRUE, '2025-04-09'),
(6, 15, 4, 15, TRUE, '2025-04-18'),
(6, 16, 4, 1, TRUE, '2025-04-25'),
(6, 17, 5, 2, TRUE, '2025-04-29'),
(6, 18, 5, 3, TRUE, '2025-05-09'),
(6, 19, 5, 4, TRUE, '2025-05-13'),
(6, 20, 5, 5, TRUE, '2025-05-23'),
(6, 21, 6, 6, TRUE, '2025-05-30'),
(6, 22, 6, 7, TRUE, '2025-06-06'),
(6, 23, 6, 8, TRUE, '2025-06-13'),
(6, 24, 6, 9, TRUE, '2025-06-20'),
(6, 25, 7, 10, TRUE, '2025-06-27'),
(6, 26, 7, 1, TRUE, '2025-07-02'),
(6, 27, 7, 11, TRUE, '2025-07-10'),
(6, 28, 7, 12, TRUE, '2025-07-18'),
(6, 29, 8, 13, TRUE, '2025-07-22'),
(6, 30, 8, 14, TRUE, '2025-08-02'),
(6, 31, 8, 15, TRUE, '2025-08-05'),
(6, 32, 8, 8, TRUE, '2025-08-12'),
(6, 33, 9, 9, TRUE, '2025-08-20'),
(6, 34, 9, 7, TRUE, '2025-08-28'),
(6, 35, 9, 5, TRUE, '2025-09-04'),
(6, 36, 9, 4, TRUE, '2025-09-13'),
(6, 37, 10, 6, TRUE, '2025-09-18'),
(6, 38, 10, 2, TRUE, '2025-09-25'),
(6, 39, 10, 1, TRUE, '2025-10-03'),
(6, 40, 10, 5, TRUE, '2025-10-09'),
(6, 41, 10, 6, TRUE, '2025-10-16'),
(6, 42, 10, 7, TRUE, '2025-10-25'),
(6, 43, 10, 8, TRUE, '2025-10-28'),
(6, 43, 10, 9, TRUE, '2025-10-29'),
(6, 43, 10, 10, TRUE, '2025-10-29'),
(6, 43, 10, 1, TRUE, '2025-10-29'),
(6, 43, 10, 2, TRUE, '2025-10-29'),
(6, 43, 10, 3, TRUE, '2025-10-29'),
(6, 44, 11, 4, TRUE, '2025-11-03'),
(6, 44, 11, 4, TRUE, '2025-11-05'),
(6, 44, 11, 15, TRUE, '2025-11-05'),
(6, 44, 11, 6, TRUE, '2025-11-06'),
(6, 44, 11, 7, TRUE, '2025-11-07'),
(6, 44, 11, 8, TRUE, '2025-11-09'),
(6, 44, 11, 9, TRUE, '2025-11-09'),
(6, 44, 11, 8, TRUE, '2025-11-05'),
(6, 44, 11, 4, TRUE, '2025-11-05'),
(6, 44, 11, 3, TRUE, '2025-11-06'),
(6, 44, 11, 2, TRUE, '2025-11-07'),
(6, 45, 11, 1, TRUE, '2025-11-10'),
(6, 45, 11, 2, TRUE, '2025-11-10'),
(6, 45, 11, 13, TRUE, '2025-11-10');

INSERT INTO EcoCounter (userID, weekID, monthID, activityID, positive_activity, date_done)
VALUES 
(7, 1, 1, 13, TRUE, '2025-01-07'),
(7, 2, 1, 3, TRUE, '2025-01-16'),
(7, 3, 1, 4, TRUE, '2025-01-21'),
(7, 4, 1, 7, TRUE, '2025-01-28'),
(7, 5, 2, 2, TRUE, '2025-02-06'),
(7, 7, 2, 9, TRUE, '2025-02-20'),
(7, 8, 2, 8, TRUE, '2025-02-26'),
(7, 9, 3, 7, TRUE, '2025-03-05'),
(7, 11, 3, 11, TRUE, '2025-03-21'),
(7, 12, 3, 6, TRUE, '2025-03-27'),
(7, 13, 4, 6, TRUE, '2025-04-04'),
(7, 14, 4, 3, TRUE, '2025-04-09'),
(7, 15, 4, 9, TRUE, '2025-04-18'),
(7, 16, 4, 9, TRUE, '2025-04-25'),
(7, 17, 5, 13, TRUE, '2025-04-29'),
(7, 19, 5, 3, TRUE, '2025-05-13'),
(7, 20, 5, 11, TRUE, '2025-05-23'),
(7, 22, 6, 10, TRUE, '2025-06-06'),
(7, 24, 6, 9, TRUE, '2025-06-20'),
(7, 25, 7, 8, TRUE, '2025-06-27'),
(7, 26, 7, 7, TRUE, '2025-07-02'),
(7, 27, 7, 3, TRUE, '2025-07-10'),
(7, 28, 7, 5, TRUE, '2025-07-18'),
(7, 29, 8, 13, TRUE, '2025-07-22'),
(7, 30, 8, 12, TRUE, '2025-08-02'),
(7, 31, 8, 10, TRUE, '2025-08-05'),
(7, 32, 8, 11, TRUE, '2025-08-12'),
(7, 35, 9, 1, TRUE, '2025-09-04'),
(7, 36, 9, 2, TRUE, '2025-09-13'),
(7, 40, 10, 6, TRUE, '2025-10-09'),
(7, 41, 10, 7, TRUE, '2025-10-16'),
(7, 42, 10, 9, TRUE, '2025-10-25'),
(7, 43, 10, 12, TRUE, '2025-10-29'),
(7, 44, 11, 1, TRUE, '2025-11-03'),
(7, 44, 11, 11, TRUE, '2025-11-06'),
(7, 44, 11, 4, TRUE, '2025-11-07'),
(7, 45, 11, 13, TRUE, '2025-11-10');

INSERT INTO EcoCounter (userID, weekID, monthID, activityID, positive_activity, date_done)
VALUES 
(8, 1, 1, 13, TRUE, '2025-01-07'),
(8, 2, 1, 3, TRUE, '2025-01-16'),
(8, 3, 1, 4, TRUE, '2025-01-21'),
(8, 4, 1, 7, TRUE, '2025-01-28'),
(8, 5, 2, 2, TRUE, '2025-02-06'),
(8, 7, 2, 9, TRUE, '2025-02-20'),
(8, 8, 2, 8, TRUE, '2025-02-26'),
(8, 9, 3, 7, TRUE, '2025-03-05'),
(8, 11, 3, 11, TRUE, '2025-03-21'),
(8, 12, 3, 6, TRUE, '2025-03-27'),
(8, 13, 4, 6, TRUE, '2025-04-04'),
(8, 14, 4, 3, TRUE, '2025-04-09'),
(8, 15, 4, 9, TRUE, '2025-04-18'),
(8, 16, 4, 9, TRUE, '2025-04-25'),
(8, 17, 5, 13, TRUE, '2025-04-29'),
(8, 19, 5, 3, TRUE, '2025-05-13'),
(8, 20, 5, 11, TRUE, '2025-05-23'),
(8, 22, 6, 10, TRUE, '2025-06-06'),
(8, 24, 6, 9, TRUE, '2025-06-20'),
(8, 25, 7, 8, TRUE, '2025-06-27'),
(8, 26, 7, 7, TRUE, '2025-07-02'),
(8, 27, 7, 3, TRUE, '2025-07-10'),
(8, 28, 7, 5, TRUE, '2025-07-18'),
(8, 29, 8, 13, TRUE, '2025-07-22'),
(8, 30, 8, 12, TRUE, '2025-08-02'),
(8, 31, 8, 10, TRUE, '2025-08-05'),
(8, 32, 8, 11, TRUE, '2025-08-12'),
(8, 35, 9, 1, TRUE, '2025-09-04'),
(8, 36, 9, 2, TRUE, '2025-09-13'),
(8, 40, 10, 6, TRUE, '2025-10-09'),
(8, 40, 10, 7, TRUE, '2025-10-09'),
(8, 40, 10, 7, TRUE, '2025-10-09'),
(8, 40, 10, 7, TRUE, '2025-10-09'),
(8, 40, 10, 7, TRUE, '2025-10-09'),
(8, 40, 10, 7, TRUE, '2025-10-09'),
(8, 40, 10, 7, TRUE, '2025-10-09'),
(8, 41, 10, 7, TRUE, '2025-10-16'),
(8, 41, 10, 7, TRUE, '2025-10-16'),
(8, 41, 10, 7, TRUE, '2025-10-16'),
(8, 41, 10, 7, TRUE, '2025-10-16'),
(8, 41, 10, 7, TRUE, '2025-10-16'),
(8, 41, 10, 7, TRUE, '2025-10-16'),
(8, 41, 10, 7, TRUE, '2025-10-16'),
(8, 41, 10, 13, TRUE, '2025-10-16'),
(8, 42, 10, 9, TRUE, '2025-10-25'),
(8, 43, 10, 12, TRUE, '2025-10-29'),
(8, 44, 11, 1, TRUE, '2025-11-03'),
(8, 44, 11, 11, TRUE, '2025-11-06'),
(8, 44, 11, 4, TRUE, '2025-11-07'),
(8, 45, 11, 13, TRUE, '2025-11-10');


INSERT INTO EcoCounter (userID, weekID, monthID, activityID, positive_activity, date_done)
VALUES 
(9, 1, 1, 6, TRUE, '2025-01-07'),
(9, 2, 1, 4, TRUE, '2025-01-16'),
(9, 3, 1, 4, TRUE, '2025-01-21'),
(9, 4, 1, 4, TRUE, '2025-01-28'),
(9, 5, 2, 5, TRUE, '2025-02-06'),
(9, 7, 2, 7, TRUE, '2025-02-20'),
(9, 8, 2, 8, TRUE, '2025-02-26'),
(9, 9, 3, 7, TRUE, '2025-03-05'),
(9, 11, 3, 1, TRUE, '2025-03-21'),
(9, 12, 3, 6, TRUE, '2025-03-27'),
(9, 13, 4, 5, TRUE, '2025-04-04'),
(9, 14, 4, 4, TRUE, '2025-04-09'),
(9, 15, 4, 8, TRUE, '2025-04-18'),
(9, 16, 4, 7, TRUE, '2025-04-25'),
(9, 17, 5, 7, TRUE, '2025-04-29'),
(9, 17, 5, 7, TRUE, '2025-04-29'),
(9, 17, 5, 7, TRUE, '2025-04-29'),
(9, 17, 5, 7, TRUE, '2025-04-29'),
(9, 17, 5, 7, TRUE, '2025-04-29'),
(9, 19, 5, 11, TRUE, '2025-05-13'),
(9, 20, 5, 9, TRUE, '2025-05-23'),
(9, 22, 6, 13, TRUE, '2025-06-06'),
(9, 24, 6, 15, TRUE, '2025-06-20'),
(9, 25, 7, 14, TRUE, '2025-06-27'),
(9, 26, 7, 12, TRUE, '2025-07-02'),
(9, 27, 7, 10, TRUE, '2025-07-10'),
(9, 28, 7, 8, TRUE, '2025-07-18'),
(9, 29, 8, 6, TRUE, '2025-07-22'),
(9, 30, 8, 4, TRUE, '2025-08-02'),
(9, 31, 8, 2, TRUE, '2025-08-05'),
(9, 32, 8, 1, TRUE, '2025-08-12'),
(9, 35, 9, 2, TRUE, '2025-09-04'),
(9, 36, 9, 4, TRUE, '2025-09-13'),
(9, 40, 10, 6, TRUE, '2025-10-09'),
(9, 41, 10, 8, TRUE, '2025-10-16'),
(9, 42, 10, 9, TRUE, '2025-10-25'),
(9, 43, 10, 7, TRUE, '2025-10-29'),
(9, 44, 11, 5, TRUE, '2025-11-03'),
(9, 44, 11, 11, TRUE, '2025-11-06'),
(9, 44, 11, 13, TRUE, '2025-11-07'),
(9, 45, 11, 15, TRUE, '2025-11-10');

INSERT INTO EcoCounter (userID, weekID, monthID, activityID, positive_activity, date_done)
VALUES 
(10, 1, 1, 13, TRUE, '2025-01-07'),
(10, 3, 1, 4, TRUE, '2025-01-21'),
(10, 4, 1, 7, TRUE, '2025-01-28'),
(10, 7, 2, 9, TRUE, '2025-02-20'),
(10, 8, 2, 8, TRUE, '2025-02-26'),
(10, 9, 3, 7, TRUE, '2025-03-05'),
(10, 12, 3, 2, TRUE, '2025-03-27'),
(10, 13, 4, 7, TRUE, '2025-04-04'),
(10, 14, 4, 13, TRUE, '2025-04-09'),
(10, 15, 4, 10, TRUE, '2025-04-18'),
(10, 16, 4, 11, TRUE, '2025-04-25'),
(10, 19, 5, 12, TRUE, '2025-05-13'),
(10, 20, 5, 11, TRUE, '2025-05-23'),
(10, 22, 6, 10, TRUE, '2025-06-06'),
(10, 24, 6, 12, TRUE, '2025-06-20'),
(10, 26, 7, 13, TRUE, '2025-07-02'),
(10, 27, 7, 3, TRUE, '2025-07-10'),
(10, 28, 7, 13, TRUE, '2025-07-18'),
(10, 30, 8, 12, TRUE, '2025-08-02'),
(10, 31, 8, 10, TRUE, '2025-08-05'),
(10, 35, 9, 14, TRUE, '2025-09-04'),
(10, 36, 9, 12, TRUE, '2025-09-13'),
(10, 40, 10, 6, TRUE, '2025-10-09'),
(10, 41, 10, 7, TRUE, '2025-10-16'),
(10, 42, 10, 9, TRUE, '2025-10-25'),
(10, 43, 10, 12, TRUE, '2025-10-29'),
(10, 44, 11, 4, TRUE, '2025-11-07'),
(10, 45, 11, 13, TRUE, '2025-11-10');

INSERT INTO EcoCounter (userID, weekID, monthID, activityID, positive_activity, date_done)
VALUES 
(11, 1, 1, 1, TRUE, '2025-01-07'),
(11, 2, 1, 5, TRUE, '2025-01-16'),
(11, 4, 1, 13, TRUE, '2025-01-28'),
(11, 5, 2, 12, TRUE, '2025-02-06'),
(11, 8, 2, 2, TRUE, '2025-02-26'),
(11, 9, 3, 5, TRUE, '2025-03-05'),
(11, 12, 3, 8, TRUE, '2025-03-27'),
(11, 13, 4, 9, TRUE, '2025-04-04'),
(11, 14, 4, 1, TRUE, '2025-04-09'),
(11, 15, 4, 3, TRUE, '2025-04-18'),
(11, 16, 4, 5, TRUE, '2025-04-25'),
(11, 20, 5, 6, TRUE, '2025-05-23'),
(11, 22, 6, 9, TRUE, '2025-06-06'),
(11, 24, 6, 12, TRUE, '2025-06-20'),
(11, 25, 7, 8, TRUE, '2025-06-27'),
(11, 26, 7, 4, TRUE, '2025-07-02'),
(11, 28, 7, 1, TRUE, '2025-07-18'),
(11, 29, 8, 7, TRUE, '2025-07-22'),
(11, 30, 8, 13, TRUE, '2025-08-02'),
(11, 31, 8, 10, TRUE, '2025-08-05'),
(11, 32, 8, 9, TRUE, '2025-08-12'),
(11, 35, 9, 8, TRUE, '2025-09-04'),
(11, 36, 9, 3, TRUE, '2025-09-13'),
(11, 41, 10, 6, TRUE, '2025-10-16'),
(11, 42, 10, 7, TRUE, '2025-10-25'),
(11, 43, 10, 1, TRUE, '2025-10-29'),
(11, 44, 11, 3, TRUE, '2025-11-03'),
(11, 44, 11, 9, TRUE, '2025-11-06'),
(11, 44, 11, 8, TRUE, '2025-11-06'),
(11, 44, 11, 7, TRUE, '2025-11-06'),
(11, 44, 11, 4, TRUE, '2025-11-06'),
(11, 44, 11, 4, TRUE, '2025-11-07'),
(11, 44, 11, 13, TRUE, '2025-11-07'),
(11, 44, 11, 13, TRUE, '2025-11-07'),
(11, 44, 11, 13, TRUE, '2025-11-07');

INSERT INTO EcoCounter (userID, weekID, monthID, activityID, positive_activity, date_done)
VALUES 
(12, 1, 1, 1, TRUE, '2025-01-07'),
(12, 2, 1, 5, TRUE, '2025-01-16'),
(12, 4, 1, 13, TRUE, '2025-01-28'),
(12, 5, 2, 12, TRUE, '2025-02-06'),
(12, 8, 2, 2, TRUE, '2025-02-26'),
(12, 9, 3, 5, TRUE, '2025-03-05'),
(12, 12, 3, 8, TRUE, '2025-03-27'),
(12, 13, 4, 9, TRUE, '2025-04-04'),
(12, 14, 4, 1, TRUE, '2025-04-09'),
(12, 15, 4, 3, TRUE, '2025-04-18'),
(12, 16, 4, 5, TRUE, '2025-04-25'),
(12, 20, 5, 6, TRUE, '2025-05-23'),
(12, 22, 6, 9, TRUE, '2025-06-06'),
(12, 24, 6, 12, TRUE, '2025-06-20'),
(12, 25, 7, 8, TRUE, '2025-06-27'),
(12, 26, 7, 4, TRUE, '2025-07-02'),
(12, 28, 7, 1, TRUE, '2025-07-18'),
(12, 29, 8, 7, TRUE, '2025-07-22'),
(12, 30, 8, 13, TRUE, '2025-08-02'),
(12, 31, 8, 10, TRUE, '2025-08-05'),
(12, 32, 8, 9, TRUE, '2025-08-12'),
(12, 35, 9, 8, TRUE, '2025-09-04'),
(12, 36, 9, 3, TRUE, '2025-09-13'),
(12, 41, 10, 6, TRUE, '2025-10-16'),
(12, 42, 10, 7, TRUE, '2025-10-25'),
(12, 43, 10, 1, TRUE, '2025-10-29'),
(12, 44, 11, 3, TRUE, '2025-11-03'),
(12, 44, 11, 9, TRUE, '2025-11-06'),
(12, 44, 11, 8, TRUE, '2025-11-06'),
(12, 44, 11, 7, TRUE, '2025-11-06'),
(12, 44, 11, 4, TRUE, '2025-11-06'),
(12, 44, 11, 4, TRUE, '2025-11-07'),
(12, 44, 11, 13, TRUE, '2025-11-07'),
(12, 44, 11, 13, TRUE, '2025-11-07'),
(12, 44, 11, 13, TRUE, '2025-11-07');


INSERT INTO EcoCounter (userID, weekID, monthID, activityID, positive_activity, date_done)
VALUES 

(13, 26, 7, 4, TRUE, '2025-07-02'),
(13, 28, 7, 1, TRUE, '2025-07-18'),
(13, 29, 8, 7, TRUE, '2025-07-22'),
(13, 30, 8, 13, TRUE, '2025-08-02'),
(13, 31, 8, 10, TRUE, '2025-08-05'),
(13, 32, 8, 9, TRUE, '2025-08-12'),
(13, 35, 9, 8, TRUE, '2025-09-04'),
(13, 36, 9, 3, TRUE, '2025-09-13'),
(13, 41, 10, 6, TRUE, '2025-10-16'),
(13, 42, 10, 7, TRUE, '2025-10-25'),
(13, 43, 10, 1, TRUE, '2025-10-29'),
(13, 44, 11, 3, TRUE, '2025-11-03'),
(13, 32, 8, 9, TRUE, '2025-08-12'),
(13, 35, 9, 8, TRUE, '2025-09-04'),
(13, 36, 9, 3, TRUE, '2025-09-13'),
(13, 41, 10, 6, TRUE, '2025-10-16'),
(13, 42, 10, 7, TRUE, '2025-10-25'),
(13, 43, 10, 1, TRUE, '2025-10-29'),
(13, 44, 11, 3, TRUE, '2025-11-03'),
(13, 44, 11, 9, TRUE, '2025-11-06'),
(13, 44, 11, 8, TRUE, '2025-11-06'),
(13, 44, 11, 7, TRUE, '2025-11-06'),
(13, 44, 11, 4, TRUE, '2025-11-06'),
(13, 44, 11, 4, TRUE, '2025-11-07'),
(13, 44, 11, 13, TRUE, '2025-11-07'),
(13, 44, 11, 13, TRUE, '2025-11-07'),
(13, 44, 11, 13, TRUE, '2025-11-07');   

INSERT INTO EcoCounter (userID, weekID, monthID, activityID, positive_activity, date_done)
VALUES 
(14, 1, 1, 1, TRUE, '2025-01-07'),
(14, 2, 1, 5, TRUE, '2025-01-16'),
(14, 4, 1, 13, TRUE, '2025-01-28'),
(14, 5, 2, 12, TRUE, '2025-02-06'),
(14, 8, 2, 2, TRUE, '2025-02-26'),
(14, 9, 3, 5, TRUE, '2025-03-05'),
(14, 12, 3, 8, TRUE, '2025-03-27'),
(14, 13, 4, 9, TRUE, '2025-04-04'),
(14, 14, 4, 1, TRUE, '2025-04-09'),
(14, 15, 4, 3, TRUE, '2025-04-18'),
(14, 16, 4, 5, TRUE, '2025-04-25'),
(14, 20, 5, 6, TRUE, '2025-05-23'),
(14, 22, 6, 9, TRUE, '2025-06-06'),
(14, 24, 6, 12, TRUE, '2025-06-20'),
(14, 25, 7, 8, TRUE, '2025-06-27'),
(14, 26, 7, 4, TRUE, '2025-07-02'),
(14, 28, 7, 1, TRUE, '2025-07-18'),
(14, 29, 8, 7, TRUE, '2025-07-22'),
(14, 30, 8, 13, TRUE, '2025-08-02'),
(14, 31, 8, 10, TRUE, '2025-08-05'),
(14, 32, 8, 9, TRUE, '2025-08-12'),
(14, 35, 9, 8, TRUE, '2025-09-04'),
(14, 36, 9, 3, TRUE, '2025-09-13'),
(14, 35, 9, 8, TRUE, '2025-09-04'),
(14, 36, 9, 3, TRUE, '2025-09-13'),
(14, 35, 9, 8, TRUE, '2025-09-04'),
(14, 36, 9, 3, TRUE, '2025-09-13'),
(14, 35, 9, 8, TRUE, '2025-09-04'),
(14, 36, 9, 3, TRUE, '2025-09-13'),
(14, 35, 9, 8, TRUE, '2025-09-04'),
(14, 36, 9, 3, TRUE, '2025-09-13'),
(14, 41, 10, 6, TRUE, '2025-10-16'),
(14, 42, 10, 7, TRUE, '2025-10-25'),
(14, 43, 10, 1, TRUE, '2025-10-29'),
(14, 44, 11, 3, TRUE, '2025-11-03'),
(14, 44, 11, 9, TRUE, '2025-11-06'),
(14, 44, 11, 4, TRUE, '2025-11-07');


INSERT INTO EcoCounter (userID, weekID, monthID, activityID, positive_activity, date_done)
VALUES 
(15, 1, 1, 15, TRUE, '2025-01-07'),
(15, 2, 1, 14, TRUE, '2025-01-16'),
(15, 4, 1, 12, TRUE, '2025-01-28'),
(15, 5, 2, 13, TRUE, '2025-02-06'),
(15, 8, 2, 11, TRUE, '2025-02-26'),
(15, 9, 3, 10, TRUE, '2025-03-05'),
(15, 12, 3, 9, TRUE, '2025-03-27'),
(15, 13, 4, 8, TRUE, '2025-04-04'),
(15, 14, 4, 7, TRUE, '2025-04-09'),
(15, 15, 4, 6, TRUE, '2025-04-18'),
(15, 16, 4, 5, TRUE, '2025-04-25'),
(15, 20, 5, 4, TRUE, '2025-05-23'),
(15, 22, 6, 3, TRUE, '2025-06-06'),
(15, 24, 6, 2, TRUE, '2025-06-20'),
(15, 25, 7, 1, TRUE, '2025-06-27'),
(15, 26, 7, 2, TRUE, '2025-07-02'),
(15, 28, 7, 3, TRUE, '2025-07-18'),
(15, 29, 8, 4, TRUE, '2025-07-22'),
(15, 30, 8, 5, TRUE, '2025-08-02'),
(15, 31, 8, 6, TRUE, '2025-08-05'),
(15, 32, 8, 7, TRUE, '2025-08-12'),
(15, 35, 9, 9, TRUE, '2025-09-04'),
(15, 36, 9, 8, TRUE, '2025-09-13'),
(15, 41, 10, 10, TRUE, '2025-10-16'),
(15, 42, 10, 11, TRUE, '2025-10-25'),
(15, 43, 10, 12, TRUE, '2025-10-29'),
(15, 44, 11, 13, TRUE, '2025-11-03'),
(15, 44, 11, 14, TRUE, '2025-11-06'),
(15, 44, 11, 15, TRUE, '2025-11-06');



-- For Month
CREATE OR REPLACE VIEW month_leaderboard AS
SELECT
    u.username,
    u.avatarFilename,
    COALESCE(SUM(CASE
        WHEN ec.positive_activity = TRUE THEN a.value_points
        WHEN ec.positive_activity = FALSE THEN -a.value_points
    END), 0) AS totalPoints
FROM User u
LEFT JOIN EcoCounter ec
    ON u.userID = ec.userID
    AND ec.monthID = (
        SELECT monthID FROM Month
        WHERE CURRENT_DATE BETWEEN month_start AND month_end
    )
LEFT JOIN ActivityKey a ON ec.activityID = a.activityID
GROUP BY u.username
ORDER BY totalPoints DESC;

-- For Week
CREATE OR REPLACE VIEW week_leaderboard AS
SELECT
    u.username,
    u.avatarFilename,
    COALESCE(SUM(CASE
        WHEN ec.positive_activity = TRUE THEN a.value_points
        WHEN ec.positive_activity = FALSE THEN -a.value_points
    END), 0) AS totalPoints
FROM User u
LEFT JOIN EcoCounter ec
    ON u.userID = ec.userID
    AND ec.weekID = (
        SELECT weekID FROM Week
        WHERE CURRENT_DATE BETWEEN week_start AND week_end
    )
LEFT JOIN ActivityKey a ON ec.activityID = a.activityID
GROUP BY u.username
ORDER BY totalPoints DESC;